Designator,Footprint,Quantity,Value,LCSC Part #
AE501,Texas_SWRA117D_2.4GHz_Left,1,Antenna_Dipole,
"C201, C203, C502, C506",0402,4,1uF,C307331
"C202, C204, C501, C505",0402,4,0.1uF,C307331
"C205, C206",0402,2,10pF,C1546
"C301, C304",0402,2,0.1uF,
"C302, C303",1206,2,10uF/50V,
"C305, C307",0603,2,22uF/10V,
C308,0402,1,33pF,
"C401, C402",1206,2,100uF/1206,C466808
C403,1206,1,10uF/50V,C138687
C404,0603,1,0.1uF,C14663
"C405, C406, C510, C513, C514",0402,5,0.1uF,C1525
"C503, C507",0402,2,1uF,C52923
C504,0402,1,10uF,C315248
C508,0402,1,4pF,C311704
C509,0402,1,5pF,C1573
"C511, C512",0402,2,20pF,C1554
D301,D_SMA,1,SS14,
D302,0603,1,RED,C72043
D401,BZT52C15,1,BZT52C15,BZT52C15
D402,0603,1,RED,C2286
D403,D_SMA,1,D_Schottky,C8678
D404,D_SMA,1,TVS,C19077540
D501,0603,1,RED,C72038
IC201,WQFN-14-1EP_2.5x2.5mm_P0.5mm_EP1.45x1.45mm,1,FUSB302MPX,C442699
IC501,ESP32-C3FH4,1,ESP32-C3FH4,C2858491
J201,USB_C_Receptacle_GCT_USB4105-xx-A_16P_TopMnt_Horizontal,1,USB_C_Receptacle_USB2.0_16P,
J401,Banana_Cliff_FCR7350R_S16N-PC_Horizontal,1,BananaP,C7437326
J402,Banana_Cliff_FCR7350B_S16N-PC_Horizontal,1,BananaN,C7437327
"J501, J502",PinHeader_1x04_P2.54mm_Vertical,2,Conn_01x04_Pin,
L301,0603,1,220R@1MHz,
L302,L_Coilcraft_XxL4040,1,3.3uH/2A,
"L501, L502",0402,2,1.8nH,
Q401,DMP4050SSS-13,1,DMP4050SSS-13,DMP4050SSS-13
Q402,S8050,1,S8050,S8050
"R201, R202, R203, R406, R501, R502, R503, R504, R505, R506",0402,10,10K,C25744
"R204, R205",0402,2,22R,C25092
R301,0402,1,120K,
R302,0402,1,330K,
R303,0402,1,39K,
"R304, R507",0402,2,2.7K,C25885
"R306, R407",0402,2,1K,
R401,1206,1,5mR,C2988648
R402,0402,1,10K,
"R403, R404",0402,2,10R,C25077
R405,0402,1,100K,
"R508, R509",0402,2,1K,C11702
"S501, S502",TS-1187A-B-A-B,2,TS-1187A-B-A-B,TS-1187A-B-A-B
SW501,RotaryEncoder_EC11B_SW_Horizontal,1,RotaryEncoder_Switch,C9900176956
"SW502, SW503",GT-TC120A-H120-L1,2,GT-TC120A-H120-L1,GT-TC120A-H120-L1
U201,SOT-23-6,1,SRV05-4,
U301,SOT-23-6,1,MP2541,
U401,VSSOP-10_3x3mm_P0.5mm,1,INA226,C49851
Y501,Crystal_SMD_2520-4Pin_2.5x2.0mm,1,SX25Y040000BF1T-C,C271649
