Designator,Mid X,Mid Y,Rotation,Layer
C201,108.91,-94.03,0.0,top
C202,108.91,-93.03,0.0,top
C203,114.66,-90.14,180.0,top
C204,116.18,-92.34,180.0,top
C205,108.91,-96.54,0.0,top
C206,108.91,-95.5,0.0,top
C301,112.5,-84.36,0.0,top
C302,103.03,-88.44,0.0,top
C303,109.01,-82.37,90.0,top
C304,110.68,-83.0,90.0,top
C305,116.3,-88.22,90.0,top
C307,117.74,-88.22,90.0,top
C308,117.19,-85.67,270.0,top
C401,131.87,-85.25,270.0,top
C402,131.89,-89.87,270.0,top
C403,133.3,-80.19,180.0,top
C404,132.52,-82.19,180.0,top
C405,127.4,-84.82,90.0,top
C406,127.94,-86.37,0.0,top
C501,122.44,-103.8,90.0,top
C502,124.613333,-103.78,270.0,top
C503,113.01,-102.67,180.0,top
C504,113.01,-103.72,180.0,top
C505,122.83,-102.28,0.0,top
C506,118.25,-97.1,90.0,top
C507,117.28,-97.1,90.0,top
C508,108.4,-104.09,90.0,top
C509,111.52,-104.09,90.0,top
C510,113.78,-72.12,180.0,top
C511,109.96,-103.19,180.0,top
C512,112.53,-100.68,90.0,top
C513,120.33,-66.796,0.0,top
C514,120.33,-69.89,0.0,top
D301,109.06,-88.2325,270.0,top
D302,117.17,-90.54,180.0,top
D401,117.19,-81.14,270.0,top
D402,132.31,-94.28,0.0,top
D403,128.09,-74.92,90.0,top
D404,131.68,-75.19,270.0,top
D501,109.6,-78.55,180.0,top
IC201,112.2975,-93.32,180.0,top
IC501,117.69,-101.96,90.0,top
J201,102.39,-98.01,270.0,top
J401,141.11,-89.72,180.0,top
J402,141.11,-70.22,180.0,top
J403,144.5775,-105.125,90.0,top
J405,141.615,-103.92,270.0,top
J501,120.33,-75.82,90.0,top
J502,120.32,-72.72,90.0,top
L301,106.13,-89.19,90.0,top
L302,113.09,-87.17,0.0,top
L501,123.476667,-103.76,90.0,top
L502,109.985,-104.55,0.0,top
Q401,123.24,-80.91,270.0,top
Q402,112.937882,-74.42,270.0,top
R201,118.68,-85.16,0.0,top
R202,118.68,-86.26,0.0,top
R203,116.26,-97.08,270.0,top
R204,108.89,-97.52,0.0,top
R205,108.89,-98.46,180.0,top
R301,116.19,-85.67,90.0,top
R302,110.68,-81.04,90.0,top
R303,113.9,-79.77,180.0,top
R304,119.81,-90.61,0.0,top
R306,112.24,-79.25,90.0,top
R401,128.78,-81.23,270.0,top
R402,118.78,-82.2,270.0,top
R403,128.96,-84.31,180.0,top
R404,128.97,-85.33,0.0,top
R405,113.23,-76.77,0.0,top
R406,132.76,-92.8,0.0,top
R407,110.5,-75.69,270.0,top
R501,110.49,-73.72,270.0,top
R502,108.24,-73.72,270.0,top
R503,109.38,-73.72,270.0,top
R504,125.67,-103.76,270.0,top
R505,120.31,-64.73,0.0,top
R506,120.31,-67.824,0.0,top
R507,110.26,-77.19,0.0,top
R508,120.31,-65.768,0.0,top
R509,120.31,-68.862,0.0,top
S501,126.33,-97.63679,180.0,top
S502,126.34,-91.64679,180.0,top
SW501,104.108,-79.32,270.0,top
SW502,112.92,-67.92,0.0,top
SW503,127.69,-67.92,0.0,top
U201,111.93,-97.3125,0.0,top
U301,113.27,-82.0025,0.0,top
U401,123.35,-85.27,0.0,top
Y501,110.45,-100.86,90.0,top
